index,name,url,moduleId
0,前行之重要性,../dymqx/qxgs/8243.html,xEQHxK8hlM
1,前行广释 第1课,../dymqx/qxgs/8244.html,xEQHxK8hlM
2,前行广释 第2课,../dymqx/qxgs/8246.html,xEQHxK8hlM
3,前行广释 第3课,../dymqx/qxgs/8248.html,xEQHxK8hlM
4,前行广释 第4课,../dymqx/qxgs/8250.html,xEQHxK8hlM
5,前行广释 第5课,../dymqx/qxgs/8252.html,xEQHxK8hlM
6,前行广释 第6课,../dymqx/qxgs/8254.html,xEQHxK8hlM
7,前行广释 第7课,../dymqx/qxgs/8256.html,xEQHxK8hlM
8,前行广释 第8课,../dymqx/qxgs/8258.html,xEQHxK8hlM
9,前行广释 第9课,../dymqx/qxgs/8260.html,xEQHxK8hlM
10,前行广释 第10课,../dymqx/qxgs/8262.html,xEQHxK8hlM
11,前行广释 第11课,../dymqx/qxgs/8264.html,xEQHxK8hlM
12,前行广释 第12课,../dymqx/qxgs/8266.html,xEQHxK8hlM
13,前行广释 第13课,../dymqx/qxgs/8268.html,xEQHxK8hlM
14,前行广释 第14课,../dymqx/qxgs/8270.html,xEQHxK8hlM
15,前行广释 第15课,../dymqx/qxgs/8272.html,xEQHxK8hlM
16,前行广释 第16课,../dymqx/qxgs/8274.html,xEQHxK8hlM
17,前行广释 第17课,../dymqx/qxgs/8276.html,xEQHxK8hlM
18,前行广释 第18课,../dymqx/qxgs/8278.html,xEQHxK8hlM
19,前行广释 第19课,../dymqx/qxgs/8280.html,xEQHxK8hlM
20,前行广释 第20课,../dymqx/qxgs/8282.html,xEQHxK8hlM
21,前行广释 第21课,../dymqx/qxgs/8284.html,xEQHxK8hlM
22,前行广释 第22课,../dymqx/qxgs/8286.html,xEQHxK8hlM
23,前行广释 第23课,../dymqx/qxgs/8288.html,xEQHxK8hlM
24,前行广释 第24课,../dymqx/qxgs/8290.html,xEQHxK8hlM
25,前行广释 第25课,../dymqx/qxgs/8292.html,xEQHxK8hlM
26,前行广释 第26课,../dymqx/qxgs/8294.html,xEQHxK8hlM
27,前行广释 第27课,../dymqx/qxgs/8296.html,xEQHxK8hlM
28,前行广释 第28课,../dymqx/qxgs/8298.html,xEQHxK8hlM
29,前行广释 第29课,../dymqx/qxgs/8300.html,xEQHxK8hlM
30,前行广释 第30课,../dymqx/qxgs/8302.html,xEQHxK8hlM
31,前行广释 第31课,../dymqx/qxgs/8304.html,xEQHxK8hlM
32,前行广释 第32课,../dymqx/qxgs/8306.html,xEQHxK8hlM
33,前行广释 第33课,../dymqx/qxgs/8308.html,xEQHxK8hlM
34,前行广释 第34课,../dymqx/qxgs/8310.html,xEQHxK8hlM
35,前行广释 第35课,../dymqx/qxgs/8312.html,xEQHxK8hlM
36,前行广释 第36课,../dymqx/qxgs/8314.html,xEQHxK8hlM
37,前行广释 第37课,../dymqx/qxgs/8316.html,xEQHxK8hlM
38,前行广释 第38课,../dymqx/qxgs/8318.html,xEQHxK8hlM
39,前行广释 第39课,../dymqx/qxgs/8320.html,xEQHxK8hlM
40,前行广释 第40课,../dymqx/qxgs/8322.html,xEQHxK8hlM
41,前行广释 第41课,../dymqx/qxgs/8324.html,xEQHxK8hlM
42,前行广释 第42课,../dymqx/qxgs/8326.html,xEQHxK8hlM
43,前行广释 第43课,../dymqx/qxgs/8328.html,xEQHxK8hlM
44,前行广释 第44课,../dymqx/qxgs/8330.html,xEQHxK8hlM
45,前行广释 第45课,../dymqx/qxgs/8332.html,xEQHxK8hlM
46,前行广释 第46课,../dymqx/qxgs/8334.html,xEQHxK8hlM
47,前行广释 第47课,../dymqx/qxgs/8336.html,xEQHxK8hlM
48,前行广释 第48课,../dymqx/qxgs/8338.html,xEQHxK8hlM
49,前行广释 第49课,../dymqx/qxgs/8340.html,xEQHxK8hlM
50,前行广释 第50课,../dymqx/qxgs/8342.html,xEQHxK8hlM
51,前行广释 第51课,../dymqx/qxgs/8344.html,xEQHxK8hlM
52,前行广释 第52课,../dymqx/qxgs/8346.html,xEQHxK8hlM
53,前行广释 第53课,../dymqx/qxgs/8348.html,xEQHxK8hlM
54,前行广释 第54课,../dymqx/qxgs/8350.html,xEQHxK8hlM
55,前行广释 第55课,../dymqx/qxgs/8352.html,xEQHxK8hlM
56,前行广释 第56课,../dymqx/qxgs/8354.html,xEQHxK8hlM
57,前行广释 第57课,../dymqx/qxgs/8356.html,xEQHxK8hlM
58,前行广释 第58课,../dymqx/qxgs/8358.html,xEQHxK8hlM
59,前行广释 第59课,../dymqx/qxgs/8360.html,xEQHxK8hlM
60,前行广释 第60课,../dymqx/qxgs/8362.html,xEQHxK8hlM
61,前行广释 第61课,../dymqx/qxgs/8364.html,xEQHxK8hlM
62,前行广释 第62课,../dymqx/qxgs/8366.html,xEQHxK8hlM
63,前行广释 第63课,../dymqx/qxgs/8368.html,xEQHxK8hlM
64,前行广释 第64课,../dymqx/qxgs/8370.html,xEQHxK8hlM
65,前行广释 第65课,../dymqx/qxgs/8372.html,xEQHxK8hlM
66,前行广释 第66课,../dymqx/qxgs/8374.html,xEQHxK8hlM
67,前行广释 第67课,../dymqx/qxgs/8376.html,xEQHxK8hlM
68,前行广释 第68课,../dymqx/qxgs/8378.html,xEQHxK8hlM
69,前行广释 第69课,../dymqx/qxgs/8380.html,xEQHxK8hlM
70,前行广释 第70课,../dymqx/qxgs/8382.html,xEQHxK8hlM
71,前行广释 第71课,../dymqx/qxgs/8384.html,xEQHxK8hlM
72,前行广释 第72课,../dymqx/qxgs/8386.html,xEQHxK8hlM
73,前行广释 第73课,../dymqx/qxgs/8388.html,xEQHxK8hlM
74,前行广释 第74课,../dymqx/qxgs/8390.html,xEQHxK8hlM
75,前行广释 第75课,../dymqx/qxgs/8392.html,xEQHxK8hlM
76,前行广释 第76课,../dymqx/qxgs/8394.html,xEQHxK8hlM
77,前行广释 第77课,../dymqx/qxgs/8396.html,xEQHxK8hlM
78,前行广释 第78课,../dymqx/qxgs/8398.html,xEQHxK8hlM
79,前行广释 第79课,../dymqx/qxgs/8400.html,xEQHxK8hlM
80,前行广释 第80课,../dymqx/qxgs/8402.html,xEQHxK8hlM
81,前行广释 第81课,../dymqx/qxgs/8404.html,xEQHxK8hlM
82,前行广释 第82课,../dymqx/qxgs/8406.html,xEQHxK8hlM
83,前行广释 第83课,../dymqx/qxgs/8408.html,xEQHxK8hlM
84,前行广释 第84课,../dymqx/qxgs/8410.html,xEQHxK8hlM
85,前行广释 第85课,../dymqx/qxgs/8412.html,xEQHxK8hlM
86,前行广释 第86课,../dymqx/qxgs/8414.html,xEQHxK8hlM
87,前行广释 第87课,../dymqx/qxgs/8416.html,xEQHxK8hlM
88,前行广释 第88课,../dymqx/qxgs/8418.html,xEQHxK8hlM
89,前行广释 第89课,../dymqx/qxgs/8420.html,xEQHxK8hlM
90,前行广释 第90课,../dymqx/qxgs/8422.html,xEQHxK8hlM
91,前行广释 第91课,../dymqx/qxgs/8424.html,xEQHxK8hlM
92,前行广释 第92课,../dymqx/qxgs/8426.html,xEQHxK8hlM
93,前行广释 第93课,../dymqx/qxgs/8428.html,xEQHxK8hlM
94,前行广释 第94课,../dymqx/qxgs/8430.html,xEQHxK8hlM
95,前行广释 第95课,../dymqx/qxgs/8432.html,xEQHxK8hlM
96,前行广释 第96课,../dymqx/qxgs/8434.html,xEQHxK8hlM
97,前行广释 第97课,../dymqx/qxgs/8436.html,xEQHxK8hlM
98,前行广释 第98课,../dymqx/qxgs/8438.html,xEQHxK8hlM
99,前行广释 第99课,../dymqx/qxgs/8440.html,xEQHxK8hlM
100,前行广释 第100课,../dymqx/qxgs/8442.html,xEQHxK8hlM
101,前行广释 第101课,../dymqx/qxgs/8444.html,xEQHxK8hlM
102,前行广释 第102课,../dymqx/qxgs/8446.html,xEQHxK8hlM
103,前行广释 第103课,../dymqx/qxgs/8448.html,xEQHxK8hlM
104,前行广释 第104课,../dymqx/qxgs/8450.html,xEQHxK8hlM
105,前行广释 第105课,../dymqx/qxgs/8452.html,xEQHxK8hlM
106,前行广释 第106课,../dymqx/qxgs/8454.html,xEQHxK8hlM
107,前行广释 第107课,../dymqx/qxgs/8456.html,xEQHxK8hlM
108,前行广释 第108课,../dymqx/qxgs/8458.html,xEQHxK8hlM
109,前行广释 第109课,../dymqx/qxgs/8460.html,xEQHxK8hlM
110,前行广释 第110课,../dymqx/qxgs/8462.html,xEQHxK8hlM
111,前行广释 第111课,../dymqx/qxgs/8464.html,xEQHxK8hlM
112,前行广释 第112课,../dymqx/qxgs/8466.html,xEQHxK8hlM
113,前行广释 第113课,../dymqx/qxgs/8468.html,xEQHxK8hlM
114,前行广释 第114课,../dymqx/qxgs/8470.html,xEQHxK8hlM
115,前行广释 第115课,../dymqx/qxgs/8472.html,xEQHxK8hlM
116,前行广释 第116课,../dymqx/qxgs/8474.html,xEQHxK8hlM
117,前行广释 第117课,../dymqx/qxgs/8476.html,xEQHxK8hlM
118,前行广释 第118课,../dymqx/qxgs/8478.html,xEQHxK8hlM
119,前行广释 第119课,../dymqx/qxgs/8480.html,xEQHxK8hlM
120,前行广释 第120课,../dymqx/qxgs/8482.html,xEQHxK8hlM
121,前行广释 第121课,../dymqx/qxgs/8484.html,xEQHxK8hlM
122,前行广释 第122课,../dymqx/qxgs/8486.html,xEQHxK8hlM
123,前行广释 第123课,../dymqx/qxgs/8488.html,xEQHxK8hlM
124,前行广释 第124课,../dymqx/qxgs/8490.html,xEQHxK8hlM
125,前行广释 第125课,../dymqx/qxgs/8492.html,xEQHxK8hlM
126,前行广释 第126课,../dymqx/qxgs/8494.html,xEQHxK8hlM
127,前行广释 第127课,../dymqx/qxgs/8496.html,xEQHxK8hlM
128,前行广释 第128课,../dymqx/qxgs/8498.html,xEQHxK8hlM
129,前行广释 第129课,../dymqx/qxgs/8500.html,xEQHxK8hlM
130,前行广释 第130课,../dymqx/qxgs/8502.html,xEQHxK8hlM
131,前行广释 第131课,../dymqx/qxgs/8504.html,xEQHxK8hlM
132,前行广释 第132课,../dymqx/qxgs/8506.html,xEQHxK8hlM
133,前行广释 第133课,../dymqx/qxgs/8508.html,xEQHxK8hlM
134,前行广释 第134课,../dymqx/qxgs/8510.html,xEQHxK8hlM
135,前行广释 第135课,../dymqx/qxgs/8512.html,xEQHxK8hlM
136,前行广释 第136课,../dymqx/qxgs/8514.html,xEQHxK8hlM
137,前行广释 第137课,../dymqx/qxgs/8516.html,xEQHxK8hlM
138,前行广释 第138课,../dymqx/qxgs/8518.html,xEQHxK8hlM
139,前行广释 第139课,../dymqx/qxgs/8520.html,xEQHxK8hlM
140,前行广释 第140课,../dymqx/qxgs/8522.html,xEQHxK8hlM
141,前行广释 第141课,../dymqx/qxgs/8524.html,xEQHxK8hlM
142,前行广释 第142课,../dymqx/qxgs/8526.html,xEQHxK8hlM
143,前行广释 第143课,../dymqx/qxgs/8528.html,xEQHxK8hlM
144,前行广释 第144课,../dymqx/qxgs/8530.html,xEQHxK8hlM