name,url
前行实修法第1修法,../dymqx/qxsx/10080.html
前行实修法第2修法,../dymqx/qxsx/10082.html
前行实修法第3修法,../dymqx/qxsx/10084.html
前行实修法第4修法,../dymqx/qxsx/10086.html
前行实修法第5修法,../dymqx/qxsx/10088.html
前行实修法第6修法,../dymqx/qxsx/10090.html
前行实修法第7修法,../dymqx/qxsx/10092.html
前行实修法第8修法,../dymqx/qxsx/10094.html
前行实修法第9修法,../dymqx/qxsx/10096.html
前行实修法第10修法,../dymqx/qxsx/10098.html
前行实修法第11修法,../dymqx/qxsx/10100.html
前行实修法第12修法,../dymqx/qxsx/10102.html
前行实修法第13修法,../dymqx/qxsx/10104.html
前行实修法第14修法,../dymqx/qxsx/10106.html
前行实修法第15修法,../dymqx/qxsx/10108.html
前行实修法第16修法,../dymqx/qxsx/10110.html
前行实修法第17修法,../dymqx/qxsx/10112.html
前行实修法第18修法,../dymqx/qxsx/10114.html
前行实修法第19修法,../dymqx/qxsx/10116.html
前行实修法第20修法,../dymqx/qxsx/10118.html
前行实修法第21修法,../dymqx/qxsx/10120.html
前行实修法第22修法,../dymqx/qxsx/10122.html
前行实修法第23修法,../dymqx/qxsx/10124.html
前行实修法第24修法,../dymqx/qxsx/10126.html
前行实修法第25修法,../dymqx/qxsx/10128.html
前行实修法第26修法,../dymqx/qxsx/10130.html
前行实修法第27修法,../dymqx/qxsx/10132.html
前行实修法第28修法,../dymqx/qxsx/10134.html
前行实修法第29修法,../dymqx/qxsx/10136.html
前行实修法第30修法,../dymqx/qxsx/10138.html
前行实修法第31修法,../dymqx/qxsx/10140.html
前行实修法第32修法,../dymqx/qxsx/10142.html
前行实修法第33修法,../dymqx/qxsx/10144.html
前行实修法第34修法,../dymqx/qxsx/10146.html
前行实修法第35修法,../dymqx/qxsx/10148.html
前行实修法第36修法,../dymqx/qxsx/10150.html
前行实修法第37修法,../dymqx/qxsx/10152.html
前行实修法第38修法,../dymqx/qxsx/10154.html
前行实修法第39修法,../dymqx/qxsx/10156.html
前行实修法第40修法,../dymqx/qxsx/10158.html
前行实修法第41修法,../dymqx/qxsx/10160.html
前行实修法第42修法,../dymqx/qxsx/10162.html
前行实修法第43修法,../dymqx/qxsx/10164.html
前行实修法第44修法,../dymqx/qxsx/10166.html
前行实修法第45修法,../dymqx/qxsx/10168.html
前行实修法第46修法,../dymqx/qxsx/10170.html
前行实修法第47修法,../dymqx/qxsx/10172.html
前行实修法第48修法,../dymqx/qxsx/10174.html
前行实修法第49修法,../dymqx/qxsx/10176.html
前行实修法第50修法,../dymqx/qxsx/10178.html
前行实修法第51修法,../dymqx/qxsx/10180.html
前行实修法第52修法,../dymqx/qxsx/10182.html
前行实修法第53修法,../dymqx/qxsx/10184.html
前行实修法第54修法,../dymqx/qxsx/10186.html
前行实修法第55修法,../dymqx/qxsx/10188.html
前行实修法第56修法,../dymqx/qxsx/10190.html
前行实修法第57修法,../dymqx/qxsx/10192.html
前行实修法第58修法,../dymqx/qxsx/10194.html
前行实修法第59修法,../dymqx/qxsx/10196.html
前行实修法第60修法,../dymqx/qxsx/10198.html
前行实修法第61修法,../dymqx/qxsx/10200.html
前行实修法第62修法,../dymqx/qxsx/10202.html
前行实修法第63修法,../dymqx/qxsx/10204.html
前行实修法第64修法,../dymqx/qxsx/10206.html
前行实修法第65修法,../dymqx/qxsx/10208.html
前行实修法第66修法,../dymqx/qxsx/10210.html
前行实修法第67修法,../dymqx/qxsx/10212.html
前行实修法第68修法,../dymqx/qxsx/10214.html
前行实修法第69修法,../dymqx/qxsx/10216.html
前行实修法第70修法,../dymqx/qxsx/10218.html
前行实修法第71修法,../dymqx/qxsx/10220.html
前行实修法第72修法,../dymqx/qxsx/10222.html
前行实修法第73修法,../dymqx/qxsx/10224.html
前行实修法第74修法,../dymqx/qxsx/10226.html
前行实修法第75修法,../dymqx/qxsx/10228.html
前行实修法第76修法,../dymqx/qxsx/10230.html
前行实修法第77修法,../dymqx/qxsx/10232.html
前行实修法第78修法,../dymqx/qxsx/10234.html
前行实修法第79修法,../dymqx/qxsx/10236.html
前行实修法第80修法,../dymqx/qxsx/10238.html
前行实修法第81修法,../dymqx/qxsx/10240.html
前行实修法第82修法,../dymqx/qxsx/10242.html
前行实修法第83修法,../dymqx/qxsx/10244.html
前行实修法第84修法,../dymqx/qxsx/10246.html
前行实修法第85修法,../dymqx/qxsx/10248.html
前行实修法第86修法,../dymqx/qxsx/10250.html
前行实修法第87修法,../dymqx/qxsx/10252.html
前行实修法第88修法,../dymqx/qxsx/10254.html
前行实修法第89修法,../dymqx/qxsx/10256.html
前行实修法第90修法,../dymqx/qxsx/10258.html
前行实修法第91修法,../dymqx/qxsx/10260.html
前行实修法第92修法,../dymqx/qxsx/10262.html
