index,name,url,moduleId
1,二规教言论 第1课,../zhzcdn/10452.html,37y7Nbat2W
2,二规教言论 第2课,../zhzcdn/10454.html,37y7Nbat2W
3,二规教言论 第3课,../zhzcdn/10456.html,37y7Nbat2W
4,二规教言论 第4课,../zhzcdn/10458.html,37y7Nbat2W
5,二规教言论 第5课,../zhzcdn/10460.html,37y7Nbat2W
6,二规教言论 第6课,../zhzcdn/10462.html,37y7Nbat2W
7,二规教言论 第7课,../zhzcdn/10464.html,37y7Nbat2W
8,二规教言论 第8课,../zhzcdn/10466.html,37y7Nbat2W
9,二规教言论 第9课,../zhzcdn/10468.html,37y7Nbat2W
10,二规教言论 第10课,../zhzcdn/10470.html,37y7Nbat2W
11,二规教言论 第11课,../zhzcdn/10472.html,37y7Nbat2W
12,二规教言论 第12课,../zhzcdn/10474.html,37y7Nbat2W
13,佛子行 第1课,../zhzcdn/10476.html,37y7Nbat2W
14,佛子行 第2课,../zhzcdn/10478.html,37y7Nbat2W
15,佛子行 第3课,../zhzcdn/10480.html,37y7Nbat2W
16,佛子行 第4课,../zhzcdn/10482.html,37y7Nbat2W
17,佛子行 第5课,../zhzcdn/10484.html,37y7Nbat2W
18,佛子行 第6课,../zhzcdn/10486.html,37y7Nbat2W
19,佛子行 第7课,../zhzcdn/10488.html,37y7Nbat2W
20,佛子行 第8课,../zhzcdn/10490.html,37y7Nbat2W
21,快乐之歌,../zhzcdn/10492.html,37y7Nbat2W
22,绕塔之功德,../zhzcdn/10494.html,37y7Nbat2W
23,供灯之功德,../zhzcdn/10496.html,37y7Nbat2W
